"id","filename","description","main","created","country_id","thumbnail","long_thumb","color_palette","height","screenshot","stat_count","story_count","viz_count","palette_image","screenshot_missing","total_stats"
184,"ukraine.png","",False,"2016-07-06 02:21:43.593-04",202,"thumbnails/ukraine.png","long_thumbs/ukraine.png","[(1, 0, 1), (232, 235, 229), (59, 115, 189)]",2667,"screenshots/ukraine.png",18,0,0,"palettes/ukraine.png",NULL,18
195,"uzbekistan.png","",False,"2016-07-06 02:23:23.259-04",214,"thumbnails/uzbekistan.png","long_thumbs/uzbekistan.png","[(41, 44, 136), (251, 252, 252), (160, 196, 240)]",2268,"screenshots/uzbekistan.png",0,3,0,"palettes/uzbekistan.png",NULL,3
196,"vanuatu.png","",False,"2016-07-06 02:23:32.487-04",215,"thumbnails/vanuatu.png","long_thumbs/vanuatu.png","[(247, 241, 6), (238, 248, 235), (83, 111, 93)]",1875,"screenshots/vanuatu.png",4,4,0,"palettes/vanuatu.png",NULL,8
202,"east_timor.png","",False,"2016-07-06 02:25:07.272-04",72,"thumbnails/east_timor.png","long_thumbs/east_timor.png","[(239, 241, 242), (55, 70, 106), (218, 152, 52)]",1275,"screenshots/east_timor.png",0,0,0,"palettes/east_timor.png",NULL,0
225,"united_states_-_bls.png","",False,"2016-07-06 22:52:02.101-04",212,"thumbnails/united_states_-_bls.png","long_thumbs/united_states_-_bls.png","[(122, 168, 192), (247, 247, 246), (100, 32, 37)]",1812,"screenshots/united_states_-_bls.png",10,0,0,"palettes/united_states_-_bls.png",NULL,10
227,"albania.png","",False,"2016-07-07 01:23:55.964-04",23,"thumbnails/albania.png","long_thumbs/albania.png","[(241, 242, 241), (88, 105, 119), (234, 124, 40)]",1209,"screenshots/albania.png",0,0,1,"palettes/albania.png",NULL,1
228,"algeria.png","",False,"2016-07-07 01:23:55.971-04",24,"thumbnails/algeria.png","long_thumbs/algeria.png","[(245, 246, 245), (247, 113, 39), (64, 93, 98)]",1142,"screenshots/algeria.png",0,4,0,"palettes/algeria.png",NULL,4
229,"angola.png","",False,"2016-07-07 01:23:55.972-04",26,"thumbnails/angola.png","long_thumbs/angola.png","[(228, 136, 66), (5, 18, 26), (239, 230, 208)]",1338,"screenshots/angola.png",0,3,0,"palettes/angola.png",NULL,3
230,"argentina.png","",False,"2016-07-07 01:23:55.973-04",27,"thumbnails/argentina.png","long_thumbs/argentina.png","[(239, 239, 239), (85, 89, 92), (175, 162, 154)]",1698,"screenshots/argentina.png",0,1,0,"palettes/argentina.png",NULL,1
231,"armenia.png","",False,"2016-07-07 01:23:55.973-04",28,"thumbnails/armenia.png","long_thumbs/armenia.png","[(253, 252, 250), (89, 101, 193), (187, 57, 50)]",1629,"screenshots/armenia.png",8,0,0,"palettes/armenia.png",NULL,8
232,"aruba.png","",False,"2016-07-07 01:23:55.974-04",29,"thumbnails/aruba.png","long_thumbs/aruba.png","[(215, 119, 55), (250, 251, 251), (123, 186, 223)]",1989,"screenshots/aruba.png",18,0,0,"palettes/aruba.png",NULL,18
233,"australia.png","",False,"2016-07-07 01:23:55.975-04",30,"thumbnails/australia.png","long_thumbs/australia.png","[(252, 252, 252), (85, 97, 95), (222, 226, 222)]",2732,"screenshots/australia.png",5,5,0,"palettes/australia.png",NULL,10
147,"russia.png","",False,"2016-07-06 02:08:04.784-04",164,"thumbnails/russia.png","long_thumbs/russia.png","[(245, 246, 242), (76, 69, 110), (159, 172, 172)]",3681,"screenshots/russia.png",0,0,1,"palettes/russia.png",NULL,1
150,"saint_lucia.png","",False,"2016-07-06 02:09:16.394-04",167,"thumbnails/saint_lucia.png","long_thumbs/saint_lucia.png","[(22, 33, 44), (174, 198, 222), (67, 68, 68)]",2026,"screenshots/saint_lucia.png",0,0,0,"palettes/saint_lucia.png",NULL,0
183,"uganda.png","",False,"2016-07-06 02:20:48.347-04",201,"thumbnails/uganda.png","long_thumbs/uganda.png","[(252, 253, 252), (77, 59, 85), (182, 197, 172)]",2212,"screenshots/uganda.png",0,0,0,"palettes/uganda.png",NULL,0
144,"poland.png","",False,"2016-07-06 02:07:37.256-04",161,"thumbnails/poland.png","long_thumbs/poland.png","[(251, 251, 251), (72, 103, 118), (220, 176, 104)]",2054,"screenshots/poland.png",0,0,1,"palettes/poland.png",NULL,1
194,"uruguay.png","",False,"2016-07-06 02:23:04.613-04",213,"thumbnails/uruguay.png","long_thumbs/uruguay.png","[(250, 250, 250), (146, 65, 25), (83, 109, 149)]",2100,"screenshots/uruguay.png",7,3,1,"palettes/uruguay.png",NULL,11
145,"portugal.png","",False,"2016-07-06 02:07:44.591-04",162,"thumbnails/portugal.png","long_thumbs/portugal.png","[(68, 87, 126), (241, 243, 245), (0, 0, 0)]",1076,"screenshots/portugal.png",7,5,0,"palettes/portugal.png",NULL,12
197,"venezuela.png","",False,"2016-07-06 02:23:38.345-04",216,"thumbnails/venezuela.png","long_thumbs/venezuela.png","[(3, 3, 5), (215, 222, 226), (115, 114, 82)]",800,"screenshots/venezuela.png",0,0,0,"palettes/venezuela.png",NULL,0
201,"zimbabwe.png","",False,"2016-07-06 02:24:59.304-04",220,"thumbnails/zimbabwe.png","long_thumbs/zimbabwe.png","[(252, 252, 252), (53, 81, 131), (232, 147, 31)]",2564,"screenshots/zimbabwe.png",0,0,1,"palettes/zimbabwe.png",NULL,1
236,"bahamas.png","",False,"2016-07-07 01:23:55.977-04",33,"thumbnails/bahamas.png","long_thumbs/bahamas.png","[(244, 250, 250), (170, 197, 169), (51, 109, 124)]",937,"screenshots/bahamas.png",0,0,0,"palettes/bahamas.png",NULL,0
244,"bhutan.png","",False,"2016-07-07 01:23:55.981-04",41,"thumbnails/bhutan.png","long_thumbs/bhutan.png","[(236, 239, 235), (19, 47, 93), (229, 126, 37)]",1949,"screenshots/bhutan.png",9,0,0,"palettes/bhutan.png",NULL,9
246,"bosnia_and_herzegovina.png","",False,"2016-07-07 01:23:55.982-04",43,"thumbnails/bosnia_and_herzegovina.png","long_thumbs/bosnia_and_herzegovina.png","[(32, 55, 82), (248, 249, 249), (204, 207, 206)]",1228,"screenshots/bosnia_and_herzegovina.png",20,0,0,"palettes/bosnia_and_herzegovina.png",NULL,20
248,"brazil.png","",False,"2016-07-07 01:23:55.983-04",45,"thumbnails/brazil.png","long_thumbs/brazil.png","[(247, 248, 246), (7, 18, 43), (147, 145, 136)]",800,"screenshots/brazil.png",4,0,1,"palettes/brazil.png",NULL,5
249,"bulgaria.png","",False,"2016-07-07 01:23:55.983-04",46,"thumbnails/bulgaria.png","long_thumbs/bulgaria.png","[(244, 241, 233), (107, 104, 132), (86, 4, 7)]",2779,"screenshots/bulgaria.png",4,0,0,"palettes/bulgaria.png",NULL,4
250,"burkina_faso.png","",False,"2016-07-07 01:23:55.984-04",47,"thumbnails/burkina_faso.png","long_thumbs/burkina_faso.png","[(92, 132, 178), (245, 247, 247), (79, 60, 53)]",1248,"screenshots/burkina_faso.png",5,0,0,"palettes/burkina_faso.png",NULL,5
252,"burundi.png","",False,"2016-07-07 01:23:55.985-04",49,"thumbnails/burundi.png","long_thumbs/burundi.png","[(139, 168, 132), (244, 245, 244), (10, 38, 11)]",1146,"screenshots/burundi.png",0,0,0,"palettes/burundi.png",NULL,0
253,"cambodia.png","",False,"2016-07-07 01:23:55.985-04",50,"thumbnails/cambodia.png","long_thumbs/cambodia.png","[(253, 253, 252), (74, 92, 177), (228, 228, 229)]",1473,"screenshots/cambodia.png",4,0,0,"palettes/cambodia.png",NULL,4
221,"united_states_-_nchs.png","",False,"2016-07-06 22:51:44.853-04",206,"thumbnails/united_states_-_nchs.png","long_thumbs/united_states_-_nchs.png","[(163, 44, 96), (247, 249, 249), (11, 82, 142)]",1761,"screenshots/united_states_-_nchs.png",0,1,0,"palettes/united_states_-_nchs.png",NULL,1
254,"cameroon.png","",False,"2016-07-07 01:23:55.986-04",51,"thumbnails/cameroon.png","long_thumbs/cameroon.png","[(249, 250, 249), (68, 80, 118), (159, 183, 200)]",1499,"screenshots/cameroon.png",5,4,0,"palettes/cameroon.png",NULL,9
224,"yemen.png","",False,"2016-07-06 22:51:57.361-04",218,"thumbnails/site_404.png","long_thumbs/site_404.png","[(255, 255, 255), (255, 255, 255), (255, 255, 255)]",150,"screenshots/site_404.png",0,0,0,"test","has us census",0
226,"united_states_-_nces.png","",False,"2016-07-06 22:52:05.147-04",211,"thumbnails/united_states_-_nces.png","long_thumbs/united_states_-_nces.png","[(247, 249, 249), (42, 40, 42), (174, 162, 145)]",1805,"screenshots/united_states_-_nces.png",0,0,0,"palettes/united_states_-_nces.png",NULL,0
261,"afghanistan.png","",False,"2016-07-07 01:23:55.989-04",12,"thumbnails/afghanistan.png","long_thumbs/afghanistan.png","[(238, 243, 243), (108, 147, 173), (60, 52, 45)]",1827,"screenshots/afghanistan.png",0,0,0,"palettes/afghanistan.png",NULL,0
274,"kazakhstan.png","",False,"2016-07-07 21:49:22.619-04",111,"thumbnails/kazakhstan.png","long_thumbs/kazakhstan.png","[(29, 98, 143), (253, 254, 254), (216, 182, 90)]",800,"screenshots/kazakhstan.png",0,0,0,"palettes/kazakhstan.png",NULL,0
157,"sierra_leone.png","",False,"2016-07-06 02:13:06.162-04",175,"thumbnails/sierra_leone.png","long_thumbs/sierra_leone.png","[(250, 250, 250), (35, 51, 61), (46, 156, 202)]",1786,"screenshots/sierra_leone.png",0,0,1,"palettes/sierra_leone.png",NULL,1
166,"sri_lanka.png","",False,"2016-07-06 02:16:00.213-04",184,"thumbnails/sri_lanka.png","long_thumbs/sri_lanka.png","[(19, 11, 11), (231, 232, 233), (75, 121, 165)]",1546,"screenshots/sri_lanka.png",0,4,0,"palettes/sri_lanka.png",NULL,4
182,"tuvalu.png","",False,"2016-07-06 02:20:38.592-04",200,"thumbnails/tuvalu.png","long_thumbs/tuvalu.png","[(19, 75, 119), (248, 250, 250), (45, 155, 194)]",1341,"screenshots/tuvalu.png",0,0,0,"palettes/tuvalu.png",NULL,0
185,"united_arab_emirates.png","",False,"2016-07-06 02:22:10.457-04",203,"thumbnails/united_arab_emirates.png","long_thumbs/united_arab_emirates.png","[(244, 243, 240), (81, 72, 54), (187, 158, 105)]",1522,"screenshots/united_arab_emirates.png",6,0,0,"palettes/united_arab_emirates.png",NULL,6
198,"vietnam.png","",False,"2016-07-06 02:24:13.184-04",217,"thumbnails/vietnam.png","long_thumbs/vietnam.png","[(68, 114, 182), (247, 249, 249), (121, 100, 31)]",1249,"screenshots/vietnam.png",10,0,1,"palettes/vietnam.png",NULL,11
205,"cote_d_ivoire.png","",False,"2016-07-06 22:48:03.065-04",67,"thumbnails/cote_d_ivoire.png","long_thumbs/cote_d_ivoire.png","[(247, 248, 247), (66, 80, 105), (234, 150, 34)]",3187,"screenshots/cote_d_ivoire.png",17,3,0,"palettes/cote_d_ivoire.png",NULL,20
172,"syria.png","",False,"2016-07-06 02:17:14.444-04",190,"thumbnails/syria.png","long_thumbs/syria.png","[(53, 38, 57), (248, 248, 240), (187, 164, 120)]",4952,"screenshots/syria.png",0,5,0,"palettes/syria.png",NULL,5
203,"saudi_arabia.png","",False,"2016-07-06 02:25:31.709-04",171,"thumbnails/saudi_arabia.png","long_thumbs/saudi_arabia.png","[(236, 236, 236), (35, 171, 195), (61, 56, 110)]",2568,"screenshots/saudi_arabia.png",4,0,0,"palettes/saudi_arabia.png",NULL,4
152,"san_marino.png","",False,"2016-07-06 02:10:45.006-04",169,"thumbnails/san_marino.png","long_thumbs/san_marino.png","[(211, 230, 233), (46, 82, 112), (214, 200, 154)]",939,"screenshots/san_marino.png",0,0,0,"palettes/san_marino.png",NULL,0
223,"united_states_-_census.png","",False,"2016-07-06 22:51:56.382-04",209,"thumbnails/united_states_-_census.png","long_thumbs/united_states_-_census.png","[(251, 252, 251), (23, 93, 136), (187, 189, 187)]",1649,"screenshots/united_states_-_census.png",5,0,0,"palettes/united_states_-_census.png",NULL,5
142,"peru.png","",False,"2016-07-06 02:06:13.772-04",159,"thumbnails/peru.png","long_thumbs/peru.png","[(247, 250, 249), (18, 15, 18), (78, 142, 158)]",2298,"screenshots/peru.png",10,3,1,"palettes/peru.png",NULL,14
178,"trinidad_and_tobago.png","",False,"2016-07-06 02:19:21.914-04",196,"thumbnails/trinidad_and_tobago.png","long_thumbs/trinidad_and_tobago.png","[(29, 29, 28), (246, 246, 246), (173, 110, 82)]",3066,"screenshots/trinidad_and_tobago.png",6,0,0,"palettes/trinidad_and_tobago.png",NULL,6
186,"united_kingdom.png","",False,"2016-07-06 02:22:18.658-04",204,"thumbnails/united_kingdom.png","long_thumbs/united_kingdom.png","[(249, 249, 250), (8, 97, 165), (17, 18, 18)]",5983,"screenshots/united_kingdom.png",0,0,0,"palettes/united_kingdom.png",NULL,0
143,"philippines.png","",False,"2016-07-06 02:07:29.287-04",160,"thumbnails/philippines.png","long_thumbs/philippines.png","[(227, 127, 63), (40, 109, 155), (242, 242, 242)]",10361,"screenshots/philippines.png",4,13,0,"palettes/philippines.png",NULL,17
173,"tajikistan.png","",False,"2016-07-06 02:18:15.906-04",191,"thumbnails/tajikistan.png","long_thumbs/tajikistan.png","[(251, 251, 251), (52, 101, 64), (193, 204, 199)]",2983,"screenshots/tajikistan.png",0,0,0,"palettes/tajikistan.png",NULL,0
257,"chile.png","",False,"2016-07-07 01:23:55.987-04",55,"thumbnails/chile.png","long_thumbs/chile.png","[(37, 72, 98), (248, 250, 250), (202, 121, 88)]",2365,"screenshots/chile.png",10,1,0,"palettes/chile.png",NULL,11
259,"colombia.png","",False,"2016-07-07 01:23:55.988-04",57,"thumbnails/colombia.png","long_thumbs/colombia.png","[(253, 253, 253), (83, 67, 75), (184, 158, 136)]",1878,"screenshots/colombia.png",3,1,1,"palettes/colombia.png",NULL,5
263,"canada.png","",False,"2016-07-07 01:23:55.99-04",52,"thumbnails/canada.png","long_thumbs/canada.png","[(249, 249, 249), (68, 77, 104), (218, 224, 225)]",3757,"screenshots/canada.png",7,0,0,"palettes/canada.png",NULL,7
262,"andorra.png","",False,"2016-07-07 01:23:55.99-04",20,"thumbnails/andorra.png","long_thumbs/andorra.png","[(242, 243, 240), (152, 150, 161), (49, 64, 96)]",802,"screenshots/andorra.png",4,0,1,"palettes/andorra.png",NULL,5
275,"liberia.png","",False,"2016-07-07 21:49:22.62-04",120,"thumbnails/liberia.png","long_thumbs/liberia.png","[(246, 248, 247), (20, 17, 52), (136, 140, 159)]",1367,"screenshots/liberia.png",0,1,0,"palettes/liberia.png",NULL,1
146,"romania.png","",False,"2016-07-06 02:07:52.55-04",163,"thumbnails/romania.png","long_thumbs/romania.png","[(244, 244, 243), (146, 39, 69), (197, 202, 203)]",2008,"screenshots/romania.png",0,8,1,"palettes/romania.png",NULL,9
269,"panama.png","",False,"2016-07-07 21:49:22.613-04",156,"thumbnails/panama.png","long_thumbs/panama.png","[(241, 242, 241), (17, 104, 187), (62, 40, 33)]",1400,"screenshots/panama.png",23,0,0,"palettes/panama.png",NULL,23
280,"sint_maarten.png","",False,"2016-07-07 21:49:22.621-04",176,"thumbnails/sint_maarten.png","long_thumbs/sint_maarten.png","[(250, 250, 249), (81, 121, 148), (147, 192, 202)]",800,"screenshots/sint_maarten.png",0,0,0,"palettes/sint_maarten.png",NULL,0
273,"iran.png","",False,"2016-07-07 21:49:22.617-04",103,"thumbnails/iran.png","long_thumbs/iran.png","[(31, 97, 115), (241, 241, 237), (61, 175, 182)]",874,"screenshots/iran.png",0,0,0,"palettes/iran.png",NULL,0
276,"india.png","",False,"2016-07-07 21:49:22.621-04",101,"thumbnails/india.png","long_thumbs/india.png","[(241, 245, 248), (17, 86, 154), (195, 85, 40)]",1061,"screenshots/india.png",0,0,0,"palettes/india.png",NULL,0
278,"tunisia.png","",False,"2016-07-07 21:49:22.621-04",197,"thumbnails/tunisia.png","long_thumbs/tunisia.png","[(245, 248, 247), (61, 124, 160), (177, 164, 62)]",3651,"screenshots/tunisia.png",5,5,1,"palettes/tunisia.png",NULL,11
279,"seychelles.png","",False,"2016-07-07 21:49:22.621-04",174,"thumbnails/seychelles.png","long_thumbs/seychelles.png","[(246, 246, 245), (99, 124, 150), (39, 39, 41)]",1630,"screenshots/seychelles.png",0,0,0,"palettes/seychelles.png",NULL,0
148,"rwanda.png","",False,"2016-07-06 02:08:32.19-04",165,"thumbnails/rwanda.png","long_thumbs/rwanda.png","[(247, 248, 247), (16, 15, 16), (50, 119, 189)]",2043,"screenshots/rwanda.png",4,0,1,"palettes/rwanda.png",NULL,5
151,"samoa.png","",False,"2016-07-06 02:10:23.282-04",168,"thumbnails/samoa.png","long_thumbs/samoa.png","[(75, 50, 49), (229, 233, 233), (103, 156, 186)]",1845,"screenshots/samoa.png",0,0,0,"palettes/samoa.png",NULL,0
153,"sao_tome_and_principe.png","",False,"2016-07-06 02:10:51.578-04",170,"thumbnails/sao_tome_and_principe.png","long_thumbs/sao_tome_and_principe.png","[(102, 111, 126), (248, 249, 249), (15, 6, 9)]",831,"screenshots/sao_tome_and_principe.png",1,0,0,"palettes/sao_tome_and_principe.png",NULL,1
154,"senegal.png","",False,"2016-07-06 02:12:45.824-04",172,"thumbnails/senegal.png","long_thumbs/senegal.png","[(244, 248, 251), (44, 83, 143), (194, 140, 61)]",3089,"screenshots/senegal.png",12,6,2,"palettes/senegal.png",NULL,20
155,"serbia.png","",False,"2016-07-06 02:12:49.184-04",173,"thumbnails/serbia.png","long_thumbs/serbia.png","[(251, 252, 252), (195, 198, 195), (61, 86, 139)]",1646,"screenshots/serbia.png",0,4,0,"palettes/serbia.png",NULL,4
160,"slovenia.png","",False,"2016-07-06 02:14:30.529-04",178,"thumbnails/slovenia.png","long_thumbs/slovenia.png","[(192, 201, 209), (79, 79, 80), (253, 254, 254)]",1745,"screenshots/slovenia.png",6,0,1,"palettes/slovenia.png",NULL,7
161,"solomon_islands.png","",False,"2016-07-06 02:14:36.85-04",179,"thumbnails/solomon_islands.png","long_thumbs/solomon_islands.png","[(248, 250, 250), (19, 75, 119), (45, 155, 194)]",1341,"screenshots/solomon_islands.png",0,0,0,"palettes/solomon_islands.png",NULL,0
162,"south_africa.png","",False,"2016-07-06 02:15:15.573-04",180,"thumbnails/south_africa.png","long_thumbs/south_africa.png","[(249, 249, 246), (9, 9, 9), (240, 189, 66)]",3972,"screenshots/south_africa.png",6,0,1,"palettes/south_africa.png",NULL,7
164,"south_sudan.png","",False,"2016-07-06 02:15:43.867-04",182,"thumbnails/south_sudan.png","long_thumbs/south_sudan.png","[(248, 247, 244), (41, 86, 97), (211, 201, 181)]",1794,"screenshots/south_sudan.png",2,0,0,"palettes/south_sudan.png",NULL,2
165,"spain.png","",False,"2016-07-06 02:15:52.669-04",183,"thumbnails/spain.png","long_thumbs/spain.png","[(250, 250, 250), (124, 69, 68), (171, 193, 175)]",800,"screenshots/spain.png",5,0,0,"palettes/spain.png",NULL,5
215,"oman.png","",False,"2016-07-06 22:51:08.903-04",152,"thumbnails/oman.png","long_thumbs/oman.png","[(40, 56, 59), (116, 117, 117), (238, 238, 234)]",800,"screenshots/oman.png",4,3,4,"palettes/oman.png",NULL,11
220,"united_states_-_nass.png","",False,"2016-07-06 22:51:42.651-04",205,"thumbnails/united_states_-_nass.png","long_thumbs/united_states_-_nass.png","[(6, 44, 74), (246, 247, 247), (147, 145, 96)]",996,"screenshots/united_states_-_nass.png",0,0,0,"palettes/united_states_-_nass.png",NULL,0
234,"austria.png","",False,"2016-07-07 01:23:55.975-04",31,"thumbnails/austria.png","long_thumbs/austria.png","[(252, 252, 252), (104, 56, 83), (186, 203, 209)]",2191,"screenshots/austria.png",9,2,5,"palettes/austria.png",NULL,16
235,"azerbaijan.png","",False,"2016-07-07 01:23:55.976-04",32,"thumbnails/azerbaijan.png","long_thumbs/azerbaijan.png","[(250, 250, 249), (31, 111, 168), (105, 87, 65)]",1991,"screenshots/azerbaijan.png",0,0,0,"palettes/azerbaijan.png",NULL,0
237,"bahrain.png","",False,"2016-07-07 01:23:55.977-04",34,"thumbnails/bahrain.png","long_thumbs/bahrain.png","[(245, 246, 244), (168, 78, 52), (199, 197, 183)]",1127,"screenshots/bahrain.png",0,0,0,"palettes/bahrain.png",NULL,0
238,"bangladesh.png","",False,"2016-07-07 01:23:55.978-04",35,"thumbnails/bangladesh.png","long_thumbs/bangladesh.png","[(246, 250, 243), (73, 111, 24), (199, 209, 134)]",1154,"screenshots/bangladesh.png",2,0,0,"palettes/bangladesh.png",NULL,2
239,"barbados.png","",False,"2016-07-07 01:23:55.978-04",36,"thumbnails/barbados.png","long_thumbs/barbados.png","[(212, 222, 239), (61, 70, 123), (216, 165, 57)]",1407,"screenshots/barbados.png",5,0,0,"palettes/barbados.png",NULL,5
240,"belarus.png","",False,"2016-07-07 01:23:55.979-04",37,"thumbnails/belarus.png","long_thumbs/belarus.png","[(232, 252, 224), (37, 114, 38), (154, 87, 75)]",2838,"screenshots/belarus.png",5,5,0,"palettes/belarus.png",NULL,10
241,"belgium.png","",False,"2016-07-07 01:23:55.979-04",38,"thumbnails/belgium.png","long_thumbs/belgium.png","[(249, 246, 243), (149, 46, 44), (208, 206, 200)]",800,"screenshots/belgium.png",5,0,1,"palettes/belgium.png",NULL,6
277,"madagascar.png","",False,"2016-07-07 21:49:22.621-04",125,"thumbnails/site_404.png","long_thumbs/site_404.png","[(255, 255, 255), (255, 255, 255), (255, 255, 255)]",150,"screenshots/site_404.png",0,0,0,"test","404 site not found",0
271,"comoros.png","",False,"2016-07-07 21:49:22.615-04",58,"thumbnails/comoros.png","long_thumbs/comoros.png","[(0, 0, 0)]",768,"screenshots/site_404.png",0,0,0,"test","404 site not found",0
61,"equatorial_guinea.png","",False,"2016-07-06 01:43:02.264-04",76,"thumbnails/guinea.png","long_thumbs/guinea.png","[(253, 253, 253), (165, 166, 161), (221, 220, 218), (146, 120, 67), (216, 204, 129)]",2527,"screenshots/guinea.png",15,0,0,"palettes/equatorial_guinea.png",NULL,15
206,"curacao.png","",False,"2016-07-06 22:48:04.264-04",64,"thumbnails/curacao.png","long_thumbs/curacao.png","[(248, 249, 248), (80, 178, 214), (25, 138, 176), (158, 187, 206), (4, 121, 165)]",1164,"screenshots/curacao.png",5,0,0,"test","",5
90,"japan.png","",False,"2016-07-06 01:50:38.502-04",109,"thumbnails/japan.png","long_thumbs/japan.png","[(247, 248, 248), (44, 112, 168), (63, 33, 37)]",1927,"screenshots/japan.png",4,0,0,"palettes/japan.png",NULL,4
42,"congo.png","Site satisfaction survey.",False,"2016-07-06 01:36:05.788-04",59,"thumbnails/congo.png","long_thumbs/congo.png","[(235, 237, 236), (119, 123, 110), (254, 254, 254)]",3077,"screenshots/congo.png",15,4,0,"palettes/congo.png",NULL,19
127,"nauru.png","",False,"2016-07-06 01:59:51.389-04",143,"thumbnails/nauru.png","long_thumbs/nauru.png","[(248, 250, 250), (19, 75, 119), (45, 155, 194)]",1341,"screenshots/nauru.png",0,0,0,"palettes/nauru.png",NULL,0
175,"thailand.png","",False,"2016-07-06 02:18:33.246-04",193,"thumbnails/thailand.png","long_thumbs/thailand.png","[(251, 251, 248), (43, 57, 65), (69, 139, 200)]",1540,"screenshots/thailand.png",8,0,0,"palettes/thailand.png",NULL,8
159,"slovakia.png","",False,"2016-07-06 02:13:53.129-04",177,"thumbnails/slovakia.png","long_thumbs/slovakia.png","[(199, 207, 217), (46, 86, 126), (252, 252, 252)]",1494,"screenshots/slovakia.png",0,6,1,"palettes/slovakia.png",NULL,7
163,"south_korea.png","",False,"2016-07-06 02:15:35.121-04",181,"thumbnails/south_korea.png","long_thumbs/south_korea.png","[(0, 0, 0), (240, 244, 244), (79, 109, 109)]",1047,"screenshots/south_korea.png",4,0,0,"palettes/south_korea.png",NULL,4
167,"sudan.png","",False,"2016-07-06 02:16:21.385-04",185,"thumbnails/sudan.png","long_thumbs/sudan.png","[(51, 78, 50), (241, 242, 242), (166, 202, 158)]",1794,"screenshots/sudan.png",0,0,0,"palettes/sudan.png",NULL,0
168,"suriname.png","",False,"2016-07-06 02:16:35.158-04",186,"thumbnails/suriname.png","long_thumbs/suriname.png","[(248, 248, 233), (102, 58, 42), (163, 177, 110)]",2028,"screenshots/suriname.png",0,0,0,"palettes/suriname.png",NULL,0
169,"swaziland.png","",False,"2016-07-06 02:16:51.187-04",187,"thumbnails/swaziland.png","long_thumbs/swaziland.png","[(246, 247, 249), (77, 104, 138), (182, 188, 210)]",948,"screenshots/swaziland.png",4,0,0,"palettes/swaziland.png",NULL,4
170,"sweden.png","",False,"2016-07-06 02:16:59.326-04",188,"thumbnails/sweden.png","long_thumbs/sweden.png","[(245, 249, 248), (19, 136, 160), (94, 80, 70)]",2699,"screenshots/sweden.png",6,0,0,"palettes/sweden.png",NULL,6
98,"latvia.png","",False,"2016-07-06 01:51:59.887-04",117,"thumbnails/latvia.png","long_thumbs/latvia.png","[(249, 250, 249), (85, 7, 7), (115, 113, 111)]",2120,"screenshots/latvia.png",5,5,1,"palettes/latvia.png",NULL,11
131,"nicaragua.png","",False,"2016-07-06 02:01:05.719-04",147,"thumbnails/nicaragua.png","long_thumbs/nicaragua.png","[(56, 106, 150), (234, 234, 232), (13, 10, 9)]",934,"screenshots/nicaragua.png",0,0,0,"palettes/nicaragua.png",NULL,0
133,"nigeria.png","",False,"2016-07-06 02:01:43.73-04",149,"thumbnails/nigeria.png","long_thumbs/nigeria.png","[(104, 130, 124), (249, 246, 245), (39, 59, 46)]",4486,"screenshots/nigeria.png",8,0,0,"palettes/nigeria.png",NULL,8
100,"lesotho.png","",False,"2016-07-06 01:52:29.365-04",119,"thumbnails/lesotho.png","long_thumbs/lesotho.png","[(248, 249, 249), (29, 27, 88), (137, 135, 137)]",800,"screenshots/lesotho.png",22,0,0,"palettes/lesotho.png",NULL,22
136,"pakistan.png","",False,"2016-07-06 02:05:20.195-04",153,"thumbnails/pakistan.png","long_thumbs/pakistan.png","[(115, 134, 135), (248, 248, 248), (196, 202, 201)]",1500,"screenshots/pakistan.png",0,2,0,"palettes/pakistan.png",NULL,2
57,"dominican_republic.png","",False,"2016-07-06 01:41:12.748-04",71,"thumbnails/dominican_republic.png","long_thumbs/dominican_republic.png","[(222, 237, 229), (9, 7, 7), (58, 141, 175)]",2469,"screenshots/dominican_republic.png",7,1,1,"palettes/dominican_republic.png",NULL,9
58,"ecuador.png","",False,"2016-07-06 01:41:48.194-04",73,"thumbnails/ecuador.png","long_thumbs/ecuador.png","[(246, 246, 246), (12, 13, 22), (85, 121, 120)]",1882,"screenshots/ecuador.png",2,0,0,"palettes/ecuador.png",NULL,2
65,"faroe_islands.png","",False,"2016-07-06 01:43:28.225-04",80,"thumbnails/faroe_islands.png","long_thumbs/faroe_islands.png","[(244, 246, 246), (48, 129, 167), (225, 169, 91)]",1115,"screenshots/faroe_islands.png",8,1,0,"palettes/faroe_islands.png",NULL,9
74,"greece.png","",False,"2016-07-06 01:44:51.12-04",90,"thumbnails/greece.png","long_thumbs/greece.png","[(46, 110, 135), (240, 242, 237), (215, 160, 90)]",2679,"screenshots/greece.png",9,0,1,"palettes/greece.png",NULL,10
75,"guatemala.png","",False,"2016-07-06 01:44:57.639-04",91,"thumbnails/guatemala.png","long_thumbs/guatemala.png","[(88, 51, 23), (253, 253, 253), (142, 149, 147)]",2868,"screenshots/guatemala.png",0,0,0,"palettes/guatemala.png",NULL,0
86,"ireland.png","",False,"2016-07-06 01:49:39.939-04",105,"thumbnails/ireland.png","long_thumbs/ireland.png","[(245, 247, 249), (12, 99, 138), (208, 71, 45)]",1947,"screenshots/ireland.png",5,0,1,"palettes/ireland.png",NULL,6
88,"italy.png","",False,"2016-07-06 01:50:04.038-04",107,"thumbnails/italy.png","long_thumbs/italy.png","[(92, 107, 113), (247, 248, 247), (218, 27, 30)]",1188,"screenshots/italy.png",0,6,0,"palettes/italy.png",NULL,6
124,"mozambique.png","",False,"2016-07-06 01:59:12.101-04",140,"thumbnails/mozambique.png","long_thumbs/mozambique.png","[(252, 253, 252), (109, 96, 87), (219, 221, 209)]",1711,"screenshots/mozambique.png",5,1,0,"palettes/mozambique.png",NULL,6
135,"norway.png","",False,"2016-07-06 02:01:53.097-04",151,"thumbnails/norway.png","long_thumbs/norway.png","[(65, 67, 58), (238, 238, 237), (0, 0, 0)]",2593,"screenshots/norway.png",5,5,0,"palettes/norway.png",NULL,10
171,"switzerland.png","",False,"2016-07-06 02:17:03.393-04",189,"thumbnails/switzerland.png","long_thumbs/switzerland.png","[(90, 104, 128), (239, 239, 237), (1, 1, 1)]",1823,"screenshots/switzerland.png",0,0,0,"palettes/switzerland.png",NULL,0
174,"tanzania.png","",False,"2016-07-06 02:18:26.113-04",192,"thumbnails/tanzania.png","long_thumbs/tanzania.png","[(252, 252, 252), (18, 91, 140), (182, 87, 74)]",1375,"screenshots/tanzania.png",0,1,1,"palettes/tanzania.png",NULL,2
219,"united_states_-_bjs.png","",False,"2016-07-06 22:51:38.969-04",208,"thumbnails/united_states_-_bjs.png","long_thumbs/united_states_-_bjs.png","[(245, 247, 247), (2, 0, 2), (82, 125, 166)]",2031,"screenshots/united_states_-_bjs.png",0,0,0,"palettes/united_states_-_bjs.png",NULL,0
222,"united_states_-_bea.png","",False,"2016-07-06 22:51:51.251-04",207,"thumbnails/united_states_-_bea.png","long_thumbs/united_states_-_bea.png","[(247, 248, 248), (20, 80, 126), (211, 98, 30)]",1929,"screenshots/united_states_-_bea.png",3,0,0,"palettes/united_states_-_bea.png",NULL,3
134,"niue.png","",False,"2016-07-06 02:01:49.596-04",150,"thumbnails/niue.png","long_thumbs/niue.png","[(236, 236, 233), (102, 76, 63), (150, 149, 116)]",1413,"screenshots/niue.png",20,0,0,"palettes/niue.png",NULL,20
137,"palau.png","",False,"2016-07-06 02:05:28.893-04",154,"thumbnails/palau.png","long_thumbs/palau.png","[(4, 48, 79), (226, 215, 195), (173, 121, 57)]",800,"screenshots/palau.png",0,0,0,"palettes/palau.png",NULL,0
73,"ghana.png","",False,"2016-07-06 01:44:45.291-04",89,"thumbnails/ghana.png","long_thumbs/ghana.png","[(246, 236, 207), (0, 0, 0), (119, 120, 85)]",841,"screenshots/ghana.png",0,0,0,"palettes/ghana.png",NULL,0
81,"hungary.png","",False,"2016-07-06 01:47:09.532-04",98,"thumbnails/hungary.png","long_thumbs/hungary.png","[(246, 247, 247), (212, 122, 28), (75, 114, 170)]",1121,"screenshots/hungary.png",3,0,1,"palettes/hungary.png",NULL,4
82,"iceland.png","",False,"2016-07-06 01:47:59.176-04",99,"thumbnails/iceland.png","long_thumbs/iceland.png","[(251, 252, 251), (50, 52, 57), (103, 123, 147)]",2683,"screenshots/iceland.png",4,3,4,"palettes/iceland.png",NULL,11
83,"indonesia.png","",False,"2016-07-06 01:48:12.61-04",102,"thumbnails/indonesia.png","long_thumbs/indonesia.png","[(151, 179, 174), (252, 252, 252), (19, 93, 140)]",1665,"screenshots/indonesia.png",11,0,1,"palettes/indonesia.png",NULL,12
85,"iraq.png","",False,"2016-07-06 01:49:36.554-04",104,"thumbnails/iraq.png","long_thumbs/iraq.png","[(243, 245, 244), (70, 23, 25), (168, 173, 162)]",2423,"screenshots/iraq.png",0,0,1,"palettes/iraq.png",NULL,1
89,"jamaica.png","",False,"2016-07-06 01:50:17.77-04",108,"thumbnails/jamaica.png","long_thumbs/jamaica.png","[(254, 254, 254), (50, 26, 117), (193, 211, 241)]",1492,"screenshots/jamaica.png",1,0,0,"palettes/jamaica.png",NULL,1
94,"kiribati.png","",False,"2016-07-06 01:51:00.311-04",113,"thumbnails/kiribati.png","long_thumbs/kiribati.png","[(45, 155, 194), (248, 250, 250), (19, 75, 119)]",1341,"screenshots/kiribati.png",0,0,0,"palettes/kiribati.png",NULL,0
96,"kyrgyzstan.png","",False,"2016-07-06 01:51:20.087-04",115,"thumbnails/kyrgyzstan.png","long_thumbs/kyrgyzstan.png","[(37, 46, 50), (252, 253, 252), (69, 168, 214)]",2023,"screenshots/kyrgyzstan.png",6,0,1,"palettes/kyrgyzstan.png",NULL,7
97,"laos.png","",False,"2016-07-06 01:51:55.104-04",116,"thumbnails/laos.png","long_thumbs/laos.png","[(242, 242, 240), (63, 49, 48), (92, 163, 217)]",1701,"screenshots/laos.png",22,0,2,"palettes/laos.png",NULL,24
99,"lebanon.png","",False,"2016-07-06 01:52:21.257-04",118,"thumbnails/lebanon.png","long_thumbs/lebanon.png","[(250, 250, 250), (42, 61, 90), (209, 211, 207)]",1356,"screenshots/lebanon.png",1,0,1,"palettes/lebanon.png",NULL,2
107,"malawi.png","",False,"2016-07-06 01:54:22.836-04",126,"thumbnails/malawi.png","long_thumbs/malawi.png","[(251, 252, 249), (190, 196, 139), (78, 118, 57)]",1739,"screenshots/malawi.png",0,0,0,"palettes/malawi.png",NULL,0
108,"malaysia.png","",False,"2016-07-06 01:55:07.345-04",127,"thumbnails/malaysia.png","long_thumbs/malaysia.png","[(234, 235, 235), (33, 84, 126), (231, 148, 24)]",1475,"screenshots/malaysia.png",0,0,1,"palettes/malaysia.png",NULL,1
111,"malta.png","",False,"2016-07-06 01:56:03.143-04",130,"thumbnails/malta.png","long_thumbs/malta.png","[(251, 251, 251), (77, 62, 74), (19, 166, 231)]",800,"screenshots/malta.png",2,0,0,"palettes/malta.png",NULL,2
114,"mauritius.png","",False,"2016-07-06 01:57:12.959-04",133,"thumbnails/mauritius.png","long_thumbs/mauritius.png","[(238, 241, 234), (48, 48, 48), (126, 141, 128)]",2228,"screenshots/mauritius.png",0,0,0,"palettes/mauritius.png",NULL,0
125,"myanmar.png","",False,"2016-07-06 01:59:21.267-04",141,"thumbnails/myanmar.png","long_thumbs/myanmar.png","[(59, 83, 165), (243, 243, 244), (160, 161, 210), (1, 0, 1), (95, 97, 176)]",800,"screenshots/myanmar.png",0,0,0,"palettes/myanmar.png",NULL,0
115,"mexico.png","",False,"2016-07-06 01:57:20.312-04",134,"thumbnails/mexico.png","long_thumbs/mexico.png","[(250, 251, 250), (20, 59, 137), (153, 171, 175)]",1773,"screenshots/mexico.png",4,4,4,"palettes/mexico.png",NULL,12
116,"moldova.png","",False,"2016-07-06 01:57:30.717-04",135,"thumbnails/moldova.png","long_thumbs/moldova.png","[(250, 251, 250), (60, 122, 195), (133, 99, 94)]",1706,"screenshots/moldova.png",7,8,0,"palettes/moldova.png",NULL,15
48,"czech_republic.png","",False,"2016-07-06 01:37:09.325-04",66,"thumbnails/czech_republic.png","long_thumbs/czech_republic.png","[(247, 249, 250), (58, 67, 64), (19, 142, 184)]",1341,"screenshots/czech_republic.png",6,0,1,"palettes/czech_republic.png",NULL,7
68,"finland.png","",False,"2016-07-06 01:43:57.962-04",83,"thumbnails/finland.png","long_thumbs/finland.png","[(239, 240, 224), (3, 3, 5), (142, 156, 127)]",993,"screenshots/finland.png",10,3,0,"palettes/finland.png",NULL,13
80,"honduras.png","",False,"2016-07-06 01:47:05.899-04",96,"thumbnails/honduras.png","long_thumbs/honduras.png","[(58, 55, 60), (241, 241, 239), (35, 162, 192)]",4144,"screenshots/honduras.png",8,0,0,"palettes/honduras.png",NULL,8
141,"paraguay.png","",False,"2016-07-06 02:06:02.003-04",158,"thumbnails/paraguay.png","long_thumbs/paraguay.png","[(248, 249, 248), (146, 152, 156), (64, 56, 64)]",2360,"screenshots/paraguay.png",0,4,0,"palettes/paraguay.png",NULL,4
176,"togo.png","",False,"2016-07-06 02:19:13.286-04",194,"thumbnails/togo.png","long_thumbs/togo.png","[(251, 251, 251), (49, 63, 61), (165, 149, 99)]",1904,"screenshots/togo.png",2,0,0,"palettes/togo.png",NULL,2
180,"turkey.png","",False,"2016-07-06 02:20:24.185-04",198,"thumbnails/turkey.png","long_thumbs/turkey.png","[(244, 246, 245), (115, 152, 150), (200, 204, 190)]",802,"screenshots/turkey.png",4,0,0,"palettes/turkey.png",NULL,4
181,"turkmenistan.png","",False,"2016-07-06 02:20:33.729-04",199,"thumbnails/turkmenistan.png","long_thumbs/turkmenistan.png","[(247, 249, 246), (105, 52, 65), (75, 151, 171)]",1369,"screenshots/turkmenistan.png",0,0,0,"palettes/turkmenistan.png",NULL,0
200,"zambia.png","",False,"2016-07-06 02:24:36.443-04",219,"thumbnails/zambia.png","long_thumbs/zambia.png","[(160, 198, 223), (95, 91, 86), (243, 242, 239)]",1022,"screenshots/zambia.png",0,0,0,"palettes/zambia.png",NULL,0
177,"tonga.png","",False,"2016-07-06 02:19:15.182-04",195,"thumbnails/site_404.png","long_thumbs/site_404.png","[(255, 255, 255), (255, 255, 255), (255, 255, 255)]",150,"screenshots/site_404.png",0,0,0,"test","server error",0
140,"papua_new_guinea.png","",False,"2016-07-06 02:05:48.196-04",157,"thumbnails/guinea.png","long_thumbs/guinea.png","[(253, 253, 253), (165, 166, 161), (221, 220, 218), (146, 120, 67), (216, 204, 129)]",2527,"screenshots/guinea.png",0,7,0,"test",NULL,7
95,"kosovo.png","",False,"2016-07-06 01:51:08.81-04",114,"thumbnails/kosovo.png","long_thumbs/kosovo.png","[(251, 252, 252), (17, 137, 201), (98, 82, 99)]",888,"screenshots/kosovo.png",0,0,0,"palettes/kosovo.png",NULL,0
110,"mali.png","",False,"2016-07-06 01:55:53.271-04",129,"thumbnails/mali.png","long_thumbs/mali.png","[(251, 252, 251), (75, 71, 77), (164, 197, 208)]",2011,"screenshots/mali.png",4,0,0,"palettes/mali.png",NULL,4
121,"gambia.png","",False,"2016-07-06 01:58:36.814-04",86,"thumbnails/gambia.png","long_thumbs/gambia.png","[(226, 200, 161), (2, 1, 4), (151, 188, 247)]",1017,"screenshots/gambia.png",0,0,0,"palettes/gambia.png",NULL,0
112,"marshall_islands.png","",False,"2016-07-06 01:56:07.441-04",131,"thumbnails/marshall_islands.png","long_thumbs/marshall_islands.png","[(19, 75, 119), (248, 250, 250), (21, 160, 207)]",1341,"screenshots/marshall_islands.png",0,0,0,"palettes/marshall_islands.png",NULL,0
138,"palestinian_authority.png","",False,"2016-07-06 02:05:38.086-04",155,"thumbnails/palestinian_authority.png","long_thumbs/palestinian_authority.png","[(178, 179, 181), (240, 241, 240), (93, 108, 137)]",1548,"screenshots/palestinian_authority.png",0,0,0,"palettes/palestinian_authority.png",NULL,0
63,"estonia.png","",False,"2016-07-06 01:43:12.368-04",78,"thumbnails/estonia.png","long_thumbs/estonia.png","[(249, 250, 249), (177, 69, 29), (18, 57, 81)]",4494,"screenshots/estonia.png",5,2,4,"palettes/estonia.png",NULL,11
43,"costa_rica.png","Excellent interactive statistic and visualizations.",False,"2016-07-06 01:36:20.135-04",61,"thumbnails/costa_rica.png","long_thumbs/costa_rica.png","[(247, 247, 246), (39, 45, 49), (202, 172, 126)]",5147,"screenshots/costa_rica.png",1,2,5,"palettes/costa_rica.png",NULL,8
60,"el_salvador.png","",False,"2016-07-06 01:42:52.383-04",75,"thumbnails/el_salvador.png","long_thumbs/el_salvador.png","[(140, 148, 156), (247, 249, 249), (16, 60, 92)]",3653,"screenshots/el_salvador.png",0,0,0,"palettes/el_salvador.png",NULL,0
77,"guinea-bissau.png","",False,"2016-07-06 01:45:53.632-04",93,"thumbnails/guinea-bissau.png","long_thumbs/guinea-bissau.png","[(238, 247, 250), (1, 1, 0), (98, 102, 123)]",1495,"screenshots/guinea-bissau.png",10,3,0,"palettes/guinea-bissau.png",NULL,13
103,"lithuania.png","",False,"2016-07-06 01:53:59.163-04",122,"thumbnails/lithuania.png","long_thumbs/lithuania.png","[(251, 252, 251), (15, 47, 90), (135, 140, 143)]",1920,"screenshots/lithuania.png",0,0,0,"palettes/lithuania.png",NULL,0
119,"montenegro.png","",False,"2016-07-06 01:58:29.402-04",138,"thumbnails/montenegro.png","long_thumbs/montenegro.png","[(6, 4, 48), (247, 248, 247), (90, 96, 155)]",1200,"screenshots/montenegro.png",0,0,0,"palettes/montenegro.png",NULL,0
122,"hong_kong.png","",False,"2016-07-06 01:58:47.311-04",97,"thumbnails/hong_kong.png","long_thumbs/hong_kong.png","[(228, 236, 237), (0, 0, 0), (123, 113, 141)]",2008,"screenshots/hong_kong.png",4,0,1,"palettes/hong_kong.png",NULL,5
129,"netherlands.png","",False,"2016-07-06 02:00:18.924-04",145,"thumbnails/netherlands.png","long_thumbs/netherlands.png","[(125, 115, 136), (246, 247, 247), (41, 54, 63)]",2879,"screenshots/netherlands.png",0,12,0,"palettes/netherlands.png",NULL,12
272,"eritrea.png","",False,"2016-07-07 21:49:22.616-04",77,"thumbnails/site_404.png","long_thumbs/site_404.png","[(255, 255, 255), (255, 255, 255), (255, 255, 255)]",150,"screenshots/site_404.png",0,0,0,"test","404 site not found",0
255,"cape_verde.png","",False,"2016-07-07 01:23:55.986-04",53,"thumbnails/cape_verde.png","long_thumbs/cape_verde.png","[(216, 148, 99), (251, 251, 251), (41, 58, 77)]",1153,"screenshots/cape_verde.png",5,4,0,"palettes/cape_verde.png",NULL,9
79,"haiti.png","",False,"2016-07-06 01:46:09-04",95,"thumbnails/haiti.png","long_thumbs/haiti.png","[(250, 241, 218), (48, 64, 102), (226, 149, 27)]",872,"screenshots/haiti.png",0,0,0,"palettes/haiti.png",NULL,0
104,"luxembourg.png","",False,"2016-07-06 01:54:02.368-04",123,"thumbnails/luxembourg.png","long_thumbs/luxembourg.png","[(254, 254, 253), (42, 93, 115), (198, 234, 241)]",2423,"screenshots/luxembourg.png",5,12,0,"palettes/luxembourg.png",NULL,17
132,"niger.png","",False,"2016-07-06 02:01:28.126-04",148,"thumbnails/niger.png","long_thumbs/niger.png","[(52, 118, 162), (244, 248, 249), (249, 245, 136)]",4410,"screenshots/niger.png",20,1,0,"palettes/niger.png",NULL,21
44,"croatia.png","",False,"2016-07-06 01:36:23.461-04",62,"thumbnails/croatia.png","long_thumbs/croatia.png","[(241, 246, 250), (84, 60, 101), (214, 166, 171)]",1372,"screenshots/croatia.png",0,5,3,"palettes/croatia.png",NULL,8
45,"cuba.png","",False,"2016-07-06 01:36:30.514-04",63,"thumbnails/cuba.png","long_thumbs/cuba.png","[(34, 89, 164), (240, 242, 244), (110, 70, 53)]",2403,"screenshots/cuba.png",0,0,0,"palettes/cuba.png",NULL,0
47,"cyprus.png","",False,"2016-07-06 01:37:02.883-04",65,"thumbnails/cyprus.png","long_thumbs/cyprus.png","[(250, 252, 253), (39, 91, 145), (191, 135, 109)]",1298,"screenshots/cyprus.png",10,0,1,"palettes/cyprus.png",NULL,11
268,"guinea.png","",False,"2016-07-07 21:49:22.611-04",92,"thumbnails/guinea.png","long_thumbs/guinea.png","[(253, 253, 253), (165, 166, 161), (221, 220, 218), (146, 120, 67), (216, 204, 129)]",2527,"screenshots/guinea.png",14,0,1,"test",NULL,15
50,"democratic_republic_of_congo.png","",False,"2016-07-06 01:38:30.576-04",68,"thumbnails/democratic_republic_of_congo.png","long_thumbs/democratic_republic_of_congo.png","[(237, 240, 239), (83, 56, 64), (40, 147, 193)]",3754,"screenshots/democratic_republic_of_congo.png",8,4,0,"palettes/democratic_republic_of_congo.png",NULL,12
56,"cook_islands.png","",False,"2016-07-06 01:40:15.024-04",60,"thumbnails/cook_islands.png","long_thumbs/cook_islands.png","[(253, 253, 253), (9, 50, 82), (150, 137, 132)]",1690,"screenshots/cook_islands.png",0,0,0,"palettes/cook_islands.png",NULL,0
59,"egypt.png","",False,"2016-07-06 01:42:21.875-04",74,"thumbnails/egypt.png","long_thumbs/egypt.png","[(157, 111, 108), (246, 248, 248), (22, 37, 48)]",2233,"screenshots/egypt.png",5,0,0,"palettes/egypt.png",NULL,5
67,"fiji.png","",False,"2016-07-06 01:43:48.332-04",82,"thumbnails/fiji.png","long_thumbs/fiji.png","[(245, 246, 244), (37, 90, 38), (89, 142, 156)]",2573,"screenshots/fiji.png",20,4,0,"palettes/fiji.png",NULL,24
69,"france.png","",False,"2016-07-06 01:44:01.569-04",84,"thumbnails/france.png","long_thumbs/france.png","[(249, 250, 249), (51, 40, 46), (84, 119, 164)]",1116,"screenshots/france.png",0,2,0,"palettes/france.png",NULL,2
70,"gabon.png","",False,"2016-07-06 01:44:14.149-04",85,"thumbnails/gabon.png","long_thumbs/gabon.png","[(246, 247, 247), (64, 58, 52), (127, 170, 186)]",1047,"screenshots/gabon.png",15,0,0,"palettes/gabon.png",NULL,15
71,"georgia.png","",False,"2016-07-06 01:44:25.902-04",87,"thumbnails/georgia.png","long_thumbs/georgia.png","[(99, 113, 135), (246, 247, 246), (238, 58, 65)]",1709,"screenshots/georgia.png",5,0,1,"palettes/georgia.png",NULL,6
78,"guyana.png","",False,"2016-07-06 01:45:59.922-04",94,"thumbnails/guyana.png","long_thumbs/guyana.png","[(247, 247, 246), (83, 71, 68), (129, 176, 189)]",2929,"screenshots/guyana.png",6,18,0,"palettes/guyana.png",NULL,24
256,"chad.png","",False,"2016-07-07 01:23:55.987-04",54,"thumbnails/chad.png","long_thumbs/chad.png","[(240, 244, 247), (59, 94, 140), (169, 185, 202)]",1062,"screenshots/chad.png",2,0,0,"palettes/chad.png",NULL,2
51,"denmark.png","",False,"2016-07-06 01:38:36.566-04",69,"thumbnails/denmark.png","long_thumbs/denmark.png","[(248, 248, 248), (71, 91, 117), (199, 204, 205)]",1083,"screenshots/denmark.png",0,0,3,"palettes/denmark.png",NULL,3
66,"federated_states_of_micronesia.png","",False,"2016-07-06 01:43:37.024-04",81,"thumbnails/federated_states_of_micronesia.png","long_thumbs/federated_states_of_micronesia.png","[(240, 245, 252), (77, 97, 112), (182, 193, 191)]",1023,"screenshots/federated_states_of_micronesia.png",0,0,0,"palettes/federated_states_of_micronesia.png",NULL,0
258,"china.png","",False,"2016-07-07 01:23:55.988-04",56,"thumbnails/china.png","long_thumbs/china.png","[(242, 242, 242), (36, 79, 119), (186, 116, 70)]",2074,"screenshots/china.png",0,0,1,"palettes/china.png",NULL,1
113,"mauritania.png","",False,"2016-07-06 01:56:49.843-04",132,"thumbnails/mauritania.png","long_thumbs/mauritania.png","[(78, 108, 116), (230, 252, 252), (229, 209, 159)]",1383,"screenshots/mauritania.png",0,0,1,"palettes/mauritania.png",NULL,1
117,"monaco.png","",False,"2016-07-06 01:57:40.95-04",136,"thumbnails/monaco.png","long_thumbs/monaco.png","[(167, 67, 60), (249, 251, 251), (149, 179, 196)]",1749,"screenshots/monaco.png",0,2,0,"palettes/monaco.png",NULL,2
120,"morocco.png","",False,"2016-07-06 01:58:34.477-04",139,"thumbnails/morocco.png","long_thumbs/morocco.png","[(246, 247, 246), (157, 1, 2), (141, 113, 80)]",2511,"screenshots/morocco.png",3,6,0,"palettes/morocco.png",NULL,9
52,"djibouti.png","",False,"2016-07-06 01:38:52.344-04",70,"thumbnails/djibouti.png","long_thumbs/djibouti.png","[(249, 250, 250), (74, 75, 91), (165, 158, 152)]",1861,"screenshots/djibouti.png",0,0,0,"palettes/djibouti.png",NULL,0
64,"ethiopia.png","",False,"2016-07-06 01:43:23.601-04",79,"thumbnails/ethiopia.png","long_thumbs/ethiopia.png","[(203, 214, 219), (252, 252, 252), (69, 87, 104)]",1491,"screenshots/ethiopia.png",1,9,0,"palettes/ethiopia.png",NULL,10
72,"germany.png","",False,"2016-07-06 01:44:35.818-04",88,"thumbnails/germany.png","long_thumbs/germany.png","[(247, 249, 249), (99, 90, 106), (197, 204, 199)]",2488,"screenshots/germany.png",7,4,1,"palettes/germany.png",NULL,12
87,"israel.png","",False,"2016-07-06 01:49:51.112-04",106,"thumbnails/israel.png","long_thumbs/israel.png","[(245, 249, 252), (59, 110, 164), (243, 192, 72)]",1123,"screenshots/israel.png",9,0,0,"palettes/israel.png",NULL,9
91,"jordan.png","",False,"2016-07-06 01:50:50.053-04",110,"thumbnails/jordan.png","long_thumbs/jordan.png","[(252, 252, 252), (55, 56, 58), (124, 172, 124)]",2534,"screenshots/jordan.png",5,0,0,"palettes/jordan.png",NULL,5
102,"liechtenstein.png","",False,"2016-07-06 01:53:41.93-04",121,"thumbnails/liechtenstein.png","long_thumbs/liechtenstein.png","[(32, 91, 127), (229, 230, 229), (60, 55, 58)]",1929,"screenshots/liechtenstein.png",0,0,0,"palettes/liechtenstein.png",NULL,0
105,"macedonia.png","",False,"2016-07-06 01:54:10.633-04",124,"thumbnails/macedonia.png","long_thumbs/macedonia.png","[(249, 251, 250), (47, 95, 142), (191, 64, 34)]",2383,"screenshots/macedonia.png",6,0,1,"palettes/macedonia.png",NULL,7
109,"maldives.png","",False,"2016-07-06 01:55:21.517-04",128,"thumbnails/maldives.png","long_thumbs/maldives.png","[(250, 251, 250), (35, 16, 23), (161, 159, 126)]",1652,"screenshots/maldives.png",8,0,0,"palettes/maldives.png",NULL,8
126,"namibia.png","",False,"2016-07-06 01:59:47.55-04",142,"thumbnails/namibia.png","long_thumbs/namibia.png","[(30, 49, 101), (201, 202, 201), (145, 128, 89)]",2635,"screenshots/namibia.png",0,0,2,"palettes/namibia.png",NULL,2
130,"new_zealand.png","",False,"2016-07-06 02:00:57.518-04",146,"thumbnails/new_zealand.png","long_thumbs/new_zealand.png","[(21, 25, 25), (245, 247, 246), (49, 110, 109)]",3001,"screenshots/new_zealand.png",5,6,0,"palettes/new_zealand.png",NULL,11
118,"mongolia.png","",False,"2016-07-06 01:58:16.007-04",137,"thumbnails/mongolia.png","long_thumbs/mongolia.png","[(196, 124, 61), (242, 243, 242), (24, 94, 194)]",2358,"screenshots/mongolia.png",9,0,0,"palettes/mongolia.png",NULL,9
128,"nepal.png","",False,"2016-07-06 02:00:10.367-04",144,"thumbnails/nepal.png","long_thumbs/nepal.png","[(250, 250, 250), (21, 20, 19), (48, 110, 154)]",1877,"screenshots/nepal.png",0,0,0,"palettes/nepal.png",NULL,0
242,"belize.png","",False,"2016-07-07 01:23:55.98-04",39,"thumbnails/belize.png","long_thumbs/belize.png","[(248, 249, 248), (80, 70, 76), (184, 190, 185)]",1607,"screenshots/belize.png",12,2,0,"palettes/belize.png",NULL,14
243,"benin.png","",False,"2016-07-07 01:23:55.98-04",40,"thumbnails/benin.png","long_thumbs/benin.png","[(86, 89, 46), (249, 249, 248), (69, 133, 227)]",3354,"screenshots/benin.png",23,0,1,"palettes/benin.png",NULL,24
245,"bolivia.png","",False,"2016-07-07 01:23:55.981-04",42,"thumbnails/bolivia.png","long_thumbs/bolivia.png","[(242, 244, 243), (13, 46, 91), (190, 157, 106)]",1662,"screenshots/bolivia.png",1,0,1,"palettes/bolivia.png",NULL,2
247,"botswana.png","",False,"2016-07-07 01:23:55.982-04",44,"thumbnails/botswana.png","long_thumbs/botswana.png","[(248, 249, 249), (1, 0, 0), (68, 137, 188)]",800,"screenshots/botswana.png",0,0,0,"palettes/botswana.png",NULL,0
267,"kenya.png","",False,"2016-07-07 21:49:22.601-04",112,"thumbnails/kenya.png","long_thumbs/kenya.png","[(138, 81, 70), (249, 249, 249), (232, 190, 164)]",1517,"screenshots/kenya.png",0,1,3,"palettes/kenya.png",NULL,4
270,"saint_kitts_and_nevis.png","",False,"2016-07-07 21:49:22.614-04",166,"thumbnails/saint_kitts_and_nevis.png","long_thumbs/saint_kitts_and_nevis.png","[(103, 114, 107), (37, 35, 32), (201, 211, 217)]",800,"screenshots/saint_kitts_and_nevis.png",0,1,0,"palettes/saint_kitts_and_nevis.png",NULL,1
